Filename,Npofb10,Npofb15,Npofb20,Npofb25,Npofb30,Npofb35,Npofb40,Npofb45,Npofb50,Npofb55,Npofb60,Npofb65,Npofb70,Npofb75,Npofb80,Npofb85,Npofb90,Npofb95,Npofb100,
acume.csv,0.2153846153846154,0.3076923076923077,0.36923076923076925,0.49230769230769234,0.5538461538461539,0.6153846153846154,0.676923076923077,0.7076923076923077,0.7538461538461538,0.8,0.8153846153846154,0.8461538461538461,0.8769230769230769,0.8923076923076924,0.9384615384615385,0.9384615384615385,0.9538461538461539,0.9538461538461539,1.0,
