Filename,Npofb10,Npofb15,Npofb20,Npofb25,Npofb30,Npofb35,Npofb40,Npofb45,Npofb50,Npofb55,Npofb60,Npofb65,Npofb70,Npofb75,Npofb80,Npofb85,Npofb90,Npofb95,Npofb100,
acume.csv,0.2222222222222222,0.3333333333333333,0.37777777777777777,0.4444444444444444,0.5333333333333333,0.5888888888888889,0.6444444444444445,0.6888888888888889,0.7555555555555555,0.7888888888888889,0.8333333333333334,0.8666666666666667,0.8888888888888888,0.9222222222222223,0.9444444444444444,0.9555555555555556,0.9777777777777777,0.9888888888888889,1.0,
