Filename,Npofb10,Npofb15,Npofb20,Npofb25,Npofb30,Npofb35,Npofb40,Npofb45,Npofb50,Npofb55,Npofb60,Npofb65,Npofb70,Npofb75,Npofb80,Npofb85,Npofb90,Npofb95,Npofb100,
acume.csv,0.35714285714285715,0.35714285714285715,0.35714285714285715,0.35714285714285715,0.42857142857142855,0.7142857142857143,0.7857142857142857,0.8571428571428571,0.8571428571428571,0.9285714285714286,1.0,1.0,1.0,1.0,1.0,1.0,1.0,1.0,1.0,
